collection,release,source_pdf,source_sha256,source_bytes,pages,ocr_pdf,ocr_sha256,text_file,markdown_file,ocr_exit_code,ocr_seconds,text_chars,chars_per_page,empty_pages,tool_versions,ocr_options,needs_review,error
department-of-war,release-01,processing/department-of-war/release-01/originals/059uap00011.pdf,968c266f780e1f69abf1bca70aa0edcb094bc61c38d6743e01de335775af347c,825714,5,processing/department-of-war/release-01/searchable-pdf/059uap00011.pdf,35a63f28b6575deb799d5a1cc2acf6a7dc8bd01ce893a1ce65a3dc4c36867f04,processing/department-of-war/release-01/text/059uap00011.txt,department-of-war/release-01/059uap00011.md,0,0.4,12491,2498.2,0,ocrmypdf 17.5.0 / tesseract 5.5.2,-l eng --mode skip --rotate-pages --deskew --optimize 1,false,
department-of-war,release-01,processing/department-of-war/release-01/originals/059uap00012.pdf,e1b27f7e274549e540de4cf77f9aae131cedcf3847819edd594a9825c4cad819,654734,5,processing/department-of-war/release-01/searchable-pdf/059uap00012.pdf,0a9bb5ff5f032c7a885dfcb975f10824cc3d60aad05773e5c4f2e87b0fb41bc9,processing/department-of-war/release-01/text/059uap00012.txt,department-of-war/release-01/059uap00012.md,0,0.4,11318,2263.6,0,ocrmypdf 17.5.0 / tesseract 5.5.2,-l eng --mode skip --rotate-pages --deskew --optimize 1,false,
department-of-war,release-01,processing/department-of-war/release-01/originals/059uap00013.pdf,257e2388f838975fcee0b00a381059e903e64018b7aafb7a12e5392437154f5f,1208817,7,processing/department-of-war/release-01/searchable-pdf/059uap00013.pdf,98af3d0dc5f1e2901effb8ee8932f8b60e1548572e0b5bcd6b5014d3177e0656,processing/department-of-war/release-01/text/059uap00013.txt,department-of-war/release-01/059uap00013.md,0,0.5,16638,2376.9,0,ocrmypdf 17.5.0 / tesseract 5.5.2,-l eng --mode skip --rotate-pages --deskew --optimize 1,false,
department-of-war,release-01,processing/department-of-war/release-01/originals/18-100754-general-1946-7-vol-2.pdf,373070ab867b592e5d76cd063f50887a00b7653d2ae4b86a6d988155ecd7c993,4838247,28,processing/department-of-war/release-01/searchable-pdf/18-100754-general-1946-7-vol-2.pdf,0d74d4f0c2fcc548e4e6fd956406a8b3acc583b31379858a7689a86e7036fdc3,processing/department-of-war/release-01/text/18-100754-general-1946-7-vol-2.txt,department-of-war/release-01/18-100754-general-1946-7-vol-2.md,0,0.9,56160,2005.7,0,ocrmypdf 17.5.0 / tesseract 5.5.2,-l eng --mode skip --rotate-pages --deskew --optimize 1,false,
department-of-war,release-01,processing/department-of-war/release-01/originals/18-6369445-general-1948-vol-1.pdf,5479dd8f1138ef43c8bcf51481fe83df06d1704bdc54244d893c21cf0aad926f,4740807,28,processing/department-of-war/release-01/searchable-pdf/18-6369445-general-1948-vol-1.pdf,03b98cecb96872347034070d337f56f6a72bce01a83721a8568c56d2bd1f1bb9,processing/department-of-war/release-01/text/18-6369445-general-1948-vol-1.txt,department-of-war/release-01/18-6369445-general-1948-vol-1.md,0,1.0,51056,1823.4,0,ocrmypdf 17.5.0 / tesseract 5.5.2,-l eng --mode skip --rotate-pages --deskew --optimize 1,false,
department-of-war,release-01,processing/department-of-war/release-01/originals/2024-04-30-composite-sketch.pdf,b18179d90564ecae48fbca58e945894633ac9c37f49f5781a9406a389b457663,112045,1,processing/department-of-war/release-01/searchable-pdf/2024-04-30-composite-sketch.pdf,06af7abd4bcb65e9f26dfbdee394b290ae68166480a0079b8b8802320a9db82a,processing/department-of-war/release-01/text/2024-04-30-composite-sketch.txt,department-of-war/release-01/2024-04-30-composite-sketch.md,0,1.4,1,1.0,1,ocrmypdf 17.5.0 / tesseract 5.5.2,-l eng --mode skip --rotate-pages --deskew --optimize 1,true,
department-of-war,release-01,processing/department-of-war/release-01/originals/255-413270-ufo-s-and-defense-what-should-we-prepare-for.pdf,b6a51b4cd1c09ff6ab811422d1af98173d1a2ba9193ee426b9b060e4cb9eea30,24581224,94,processing/department-of-war/release-01/searchable-pdf/255-413270-ufo-s-and-defense-what-should-we-prepare-for.pdf,924ce68a9c33a065be20f134adb2c647ff9675078bb0ad5dfa94238af7829cc9,processing/department-of-war/release-01/text/255-413270-ufo-s-and-defense-what-should-we-prepare-for.txt,department-of-war/release-01/255-413270-ufo-s-and-defense-what-should-we-prepare-for.md,0,3.0,418747,4454.8,0,ocrmypdf 17.5.0 / tesseract 5.5.2,-l eng --mode skip --rotate-pages --deskew --optimize 1,false,
department-of-war,release-01,processing/department-of-war/release-01/originals/255-t-763-r1b-transcripts.pdf,1fe6258aa15843c8b5fba5dfc7da7b1939113201ab6710a183209c942790a6e0,277579,4,processing/department-of-war/release-01/searchable-pdf/255-t-763-r1b-transcripts.pdf,a3b026bead8bb200b454fc03300cfe345b0311a8d7dbba49cf964c7b33b5d9ab,processing/department-of-war/release-01/text/255-t-763-r1b-transcripts.txt,department-of-war/release-01/255-t-763-r1b-transcripts.md,0,4.2,3605,901.2,0,ocrmypdf 17.5.0 / tesseract 5.5.2,-l eng --mode skip --rotate-pages --deskew --optimize 1,false,
department-of-war,release-01,processing/department-of-war/release-01/originals/331-120752-numeric-files-1944-1945-37153-german-armament-equipment-documents.pdf,d64b69da88d045bb6aab4360ef7532b03b38a4950f98ca5656d728ea4cbdbc90,3232255,17,processing/department-of-war/release-01/searchable-pdf/331-120752-numeric-files-1944-1945-37153-german-armament-equipment-documents.pdf,0e89558dd1f897aa94d0fd6f96493c568540589a8e0cb379596d32ddf48b68e8,processing/department-of-war/release-01/text/331-120752-numeric-files-1944-1945-37153-german-armament-equipment-documents.txt,department-of-war/release-01/331-120752-numeric-files-1944-1945-37153-german-armament-equipment-documents.md,0,0.8,49766,2927.4,0,ocrmypdf 17.5.0 / tesseract 5.5.2,-l eng --mode skip --rotate-pages --deskew --optimize 1,false,
department-of-war,release-01,processing/department-of-war/release-01/originals/341-110448-records-relating-to-the-collection-and-dissemination-of-intelligence-1948-1955-ts-cont-no-2-2-5300-2-5399.pdf,fc5b1c8ab566157080d8137cdbbbf7f2c3d74e7e1fae52d49dcd5c44b06237ba,3167015,7,processing/department-of-war/release-01/searchable-pdf/341-110448-records-relating-to-the-collection-and-dissemination-of-intelligence-1948-1955-ts-cont-no-2-2-5300-2-5399.pdf,7fe64ca9401d577fa0f07434479efe094d023f7a0dda66a9edbf07284a448ab7,processing/department-of-war/release-01/text/341-110448-records-relating-to-the-collection-and-dissemination-of-intelligence-1948-1955-ts-cont-no-2-2-5300-2-5399.txt,department-of-war/release-01/341-110448-records-relating-to-the-collection-and-dissemination-of-intelligence-1948-1955-ts-cont-no-2-2-5300-2-5399.md,0,0.9,10096,1442.3,0,ocrmypdf 17.5.0 / tesseract 5.5.2,-l eng --mode skip --rotate-pages --deskew --optimize 1,false,
department-of-war,release-01,processing/department-of-war/release-01/originals/341-110677-numerical-file-5-2500.pdf,10e3ba274b83d7733c2f7fac755656cc427930b647f003b7a367b58f520cb078,8092245,10,processing/department-of-war/release-01/searchable-pdf/341-110677-numerical-file-5-2500.pdf,1d1059c3192db56ead2e469c41ab3be4e412b4d2acbc49c3c6e39cba4f1a123c,processing/department-of-war/release-01/text/341-110677-numerical-file-5-2500.txt,department-of-war/release-01/341-110677-numerical-file-5-2500.md,0,31.9,12871,1287.1,3,ocrmypdf 17.5.0 / tesseract 5.5.2,-l eng --mode skip --rotate-pages --deskew --optimize 1,true,
department-of-war,release-01,processing/department-of-war/release-01/originals/342-hs1-416511228-box186-319-1-flying-discs-1949.pdf,9d159600731338100b6b9c8565971b68aac644476fd766ade9d6bf126cfd3c7b,71924623,143,processing/department-of-war/release-01/searchable-pdf/342-hs1-416511228-box186-319-1-flying-discs-1949.pdf,d58e111afbd963d12814dfc0bd23e45153ee7e71a28660132d32f8217fdf3df8,processing/department-of-war/release-01/text/342-hs1-416511228-box186-319-1-flying-discs-1949.txt,department-of-war/release-01/342-hs1-416511228-box186-319-1-flying-discs-1949.md,0,86.4,165424,1156.8,6,ocrmypdf 17.5.0 / tesseract 5.5.2,-l eng --mode skip --rotate-pages --deskew --optimize 1,false,
department-of-war,release-01,processing/department-of-war/release-01/originals/38-143685-box7-incident-summaries-1-100.pdf,c1c48d35943e6522fc285592453136526b6e41fed23b61a0e81ac61b68d8bde6,32675506,209,processing/department-of-war/release-01/searchable-pdf/38-143685-box7-incident-summaries-1-100.pdf,9698cff479b20a695d3d829cc1d563955634af05b84a90b3a75a26850fafdb11,processing/department-of-war/release-01/text/38-143685-box7-incident-summaries-1-100.txt,department-of-war/release-01/38-143685-box7-incident-summaries-1-100.md,0,297.6,206367,987.4,16,ocrmypdf 17.5.0 / tesseract 5.5.2,-l eng --mode skip --rotate-pages --deskew --optimize 1,false,
department-of-war,release-01,processing/department-of-war/release-01/originals/38-143685-box7-incident-summaries-101-172.pdf,23482936d9dbf8dee014f3b0e1e12462731e617894c724aca6bcb688a01e277c,28550135,178,processing/department-of-war/release-01/searchable-pdf/38-143685-box7-incident-summaries-101-172.pdf,016a382eb1f7df2fe1b922ea3a9210b4495b71a8fcc2f51f07ad4b793cced034,processing/department-of-war/release-01/text/38-143685-box7-incident-summaries-101-172.txt,department-of-war/release-01/38-143685-box7-incident-summaries-101-172.md,0,185.1,178417,1002.3,1,ocrmypdf 17.5.0 / tesseract 5.5.2,-l eng --mode skip --rotate-pages --deskew --optimize 1,false,
department-of-war,release-01,processing/department-of-war/release-01/originals/38-143685-box7-incident-summaries-173-233.pdf,b24365329f506d92acfae313f0ed3aef2060de17d72bf61b6c91bc035bf7dd95,161362330,144,processing/department-of-war/release-01/searchable-pdf/38-143685-box7-incident-summaries-173-233.pdf,2117f60b1accaf34bc3e15fd38ea6ad008072857c8a854a14ae7956fa0ef81a4,processing/department-of-war/release-01/text/38-143685-box7-incident-summaries-173-233.txt,department-of-war/release-01/38-143685-box7-incident-summaries-173-233.md,0,46.7,295070,2049.1,2,ocrmypdf 17.5.0 / tesseract 5.5.2,-l eng --mode skip --rotate-pages --deskew --optimize 1,false,
department-of-war,release-01,processing/department-of-war/release-01/originals/59-214434-sp-16-7-18-1963.pdf,cddcc196385c373ef7fd55fee4c196bfad531860a05777786cf6d90a2fd7dabd,1169464,6,processing/department-of-war/release-01/searchable-pdf/59-214434-sp-16-7-18-1963.pdf,51cc974b07a649c317392103d2b8e8c4c4df58e0218742f616c1cf5da74a16b6,processing/department-of-war/release-01/text/59-214434-sp-16-7-18-1963.txt,department-of-war/release-01/59-214434-sp-16-7-18-1963.md,0,0.5,15186,2531.0,0,ocrmypdf 17.5.0 / tesseract 5.5.2,-l eng --mode skip --rotate-pages --deskew --optimize 1,false,
department-of-war,release-01,processing/department-of-war/release-01/originals/59-64634-711-5612-7-2852.pdf,2539850305227baf0b3bb487cbf41f5834eca2b188dc2d65849fdb06b683bd13,898369,2,processing/department-of-war/release-01/searchable-pdf/59-64634-711-5612-7-2852.pdf,cbdfe9805f142270d613cb7f68b0c4e4608899aa7b001c9f78f77d11d0524253,processing/department-of-war/release-01/text/59-64634-711-5612-7-2852.txt,department-of-war/release-01/59-64634-711-5612-7-2852.md,0,0.4,2750,1375.0,0,ocrmypdf 17.5.0 / tesseract 5.5.2,-l eng --mode skip --rotate-pages --deskew --optimize 1,false,
department-of-war,release-01,processing/department-of-war/release-01/originals/65-hs1-101634279-100-de-18221-serial-844.pdf,36b00fdf99e456dff9a507db7fd90fadb995db235650966f14b77279095fcc6a,265783,1,processing/department-of-war/release-01/searchable-pdf/65-hs1-101634279-100-de-18221-serial-844.pdf,f275d48ce998f45b404a06366db97ce5b10b4699b2d56574627dea7813115910,processing/department-of-war/release-01/text/65-hs1-101634279-100-de-18221-serial-844.txt,department-of-war/release-01/65-hs1-101634279-100-de-18221-serial-844.md,0,0.4,2013,2013.0,0,ocrmypdf 17.5.0 / tesseract 5.5.2,-l eng --mode skip --rotate-pages --deskew --optimize 1,false,
department-of-war,release-01,processing/department-of-war/release-01/originals/65-hs1-101634279-100-de-26505.pdf,3fc7a74876b36b328bca96953fd73049b063cc0b50ad412c7a32900c83539d89,5326217,15,processing/department-of-war/release-01/searchable-pdf/65-hs1-101634279-100-de-26505.pdf,8d274be1b5f91fcff780a5fb8c3f9c1fa564457282ed8939ca0b1c11f5850370,processing/department-of-war/release-01/text/65-hs1-101634279-100-de-26505.txt,department-of-war/release-01/65-hs1-101634279-100-de-26505.md,0,31.2,28616,1907.7,0,ocrmypdf 17.5.0 / tesseract 5.5.2,-l eng --mode skip --rotate-pages --deskew --optimize 1,false,
department-of-war,release-01,processing/department-of-war/release-01/originals/65-hs1-834228961-62-hq-83894-section-1.pdf,6768eb6e15f7566057b77aad159767ca87e2846493a645e015ad8e06fdb759be,30436722,185,processing/department-of-war/release-01/searchable-pdf/65-hs1-834228961-62-hq-83894-section-1.pdf,5ead3262a4d5b3daddc8bb144447a26fd69576449d9fd14324b21543b955ee8d,processing/department-of-war/release-01/text/65-hs1-834228961-62-hq-83894-section-1.txt,department-of-war/release-01/65-hs1-834228961-62-hq-83894-section-1.md,0,43.0,335195,1811.9,7,ocrmypdf 17.5.0 / tesseract 5.5.2,-l eng --mode skip --rotate-pages --deskew --optimize 1,false,
department-of-war,release-01,processing/department-of-war/release-01/originals/65-hs1-834228961-62-hq-83894-section-10.pdf,b13552c6b558408ef1e28a46158e6a45a62d74c3aac6074f74abb23bcab76fbe,58141207,184,processing/department-of-war/release-01/searchable-pdf/65-hs1-834228961-62-hq-83894-section-10.pdf,c2a67433714d9a96e70f0960ffa428bb75141b858a0e9bdd1f7f73f4678631c0,processing/department-of-war/release-01/text/65-hs1-834228961-62-hq-83894-section-10.txt,department-of-war/release-01/65-hs1-834228961-62-hq-83894-section-10.md,0,67.8,964610,5242.4,5,ocrmypdf 17.5.0 / tesseract 5.5.2,-l eng --mode skip --rotate-pages --deskew --optimize 1,false,
department-of-war,release-01,processing/department-of-war/release-01/originals/65-hs1-834228961-62-hq-83894-section-2.pdf,b79da2d091ae8e1637f58d91602758feef2341aba3c90addd9c1487cdef58109,33449155,194,processing/department-of-war/release-01/searchable-pdf/65-hs1-834228961-62-hq-83894-section-2.pdf,2be07e631f4fea95aa11dae45cb3d4e6da4f46d5b00fbd17f7870bcc58b17b43,processing/department-of-war/release-01/text/65-hs1-834228961-62-hq-83894-section-2.txt,department-of-war/release-01/65-hs1-834228961-62-hq-83894-section-2.md,0,38.0,479473,2471.5,12,ocrmypdf 17.5.0 / tesseract 5.5.2,-l eng --mode skip --rotate-pages --deskew --optimize 1,false,
department-of-war,release-01,processing/department-of-war/release-01/originals/65-hs1-834228961-62-hq-83894-section-3.pdf,ba72ac1879acea2f3c87f6bf40983f3b5f39f03038e1b59f907d136b0f02eab4,35533010,190,processing/department-of-war/release-01/searchable-pdf/65-hs1-834228961-62-hq-83894-section-3.pdf,039beab72be7db3f0481f7ecb5f8c4cc05200d89f033cb3260912a1ea362e75f,processing/department-of-war/release-01/text/65-hs1-834228961-62-hq-83894-section-3.txt,department-of-war/release-01/65-hs1-834228961-62-hq-83894-section-3.md,0,51.1,368742,1940.7,9,ocrmypdf 17.5.0 / tesseract 5.5.2,-l eng --mode skip --rotate-pages --deskew --optimize 1,false,
department-of-war,release-01,processing/department-of-war/release-01/originals/65-hs1-834228961-62-hq-83894-section-4.pdf,c3a722892229c6da31db714aabfbe19ad86b82732258114a596cc076ea69d526,37916413,214,processing/department-of-war/release-01/searchable-pdf/65-hs1-834228961-62-hq-83894-section-4.pdf,9d270b333e1278057b8bb742e30993c5cafdbe36c6a31f3e17d8bbe333dac70e,processing/department-of-war/release-01/text/65-hs1-834228961-62-hq-83894-section-4.txt,department-of-war/release-01/65-hs1-834228961-62-hq-83894-section-4.md,0,38.4,364898,1705.1,6,ocrmypdf 17.5.0 / tesseract 5.5.2,-l eng --mode skip --rotate-pages --deskew --optimize 1,false,
department-of-war,release-01,processing/department-of-war/release-01/originals/65-hs1-834228961-62-hq-83894-section-5.pdf,ed97686fb1301e3a12e19d91f833f31da5b97065ef85560fc6d8fce7b7c2265d,36260149,209,processing/department-of-war/release-01/searchable-pdf/65-hs1-834228961-62-hq-83894-section-5.pdf,abc7a42432f41591e44e0668fc9de152efe9255259a71192e9b76707ea25150b,processing/department-of-war/release-01/text/65-hs1-834228961-62-hq-83894-section-5.txt,department-of-war/release-01/65-hs1-834228961-62-hq-83894-section-5.md,0,51.6,362371,1733.8,10,ocrmypdf 17.5.0 / tesseract 5.5.2,-l eng --mode skip --rotate-pages --deskew --optimize 1,false,
department-of-war,release-01,processing/department-of-war/release-01/originals/65-hs1-834228961-62-hq-83894-section-6.pdf,7620094802463bc97ea365b0e15438dd236739db15f0edc689aebd83a9f6a938,60929949,271,processing/department-of-war/release-01/searchable-pdf/65-hs1-834228961-62-hq-83894-section-6.pdf,746adefbc5ca4abb89cfad8e4a8caecf2c2c39a4879f6dcbe76dc37f1be6281f,processing/department-of-war/release-01/text/65-hs1-834228961-62-hq-83894-section-6.txt,department-of-war/release-01/65-hs1-834228961-62-hq-83894-section-6.md,0,63.5,918803,3390.4,9,ocrmypdf 17.5.0 / tesseract 5.5.2,-l eng --mode skip --rotate-pages --deskew --optimize 1,false,
department-of-war,release-01,processing/department-of-war/release-01/originals/65-hs1-834228961-62-hq-83894-section-7.pdf,350806816e58095e0a8f89808fc1af246d6c9a005e63e49e28829b040963a5c2,39389073,205,processing/department-of-war/release-01/searchable-pdf/65-hs1-834228961-62-hq-83894-section-7.pdf,16121a4c0ef17b5521e8f34713c78cdadf25170f0a4781730dde2e0af0636416,processing/department-of-war/release-01/text/65-hs1-834228961-62-hq-83894-section-7.txt,department-of-war/release-01/65-hs1-834228961-62-hq-83894-section-7.md,0,45.9,380912,1858.1,3,ocrmypdf 17.5.0 / tesseract 5.5.2,-l eng --mode skip --rotate-pages --deskew --optimize 1,false,
department-of-war,release-01,processing/department-of-war/release-01/originals/65-hs1-834228961-62-hq-83894-section-8.pdf,ad2fd32949337143a56a9089a193e22f953edb28b1ee07a9ad8c5330bb1b9aa1,255526310,217,processing/department-of-war/release-01/searchable-pdf/65-hs1-834228961-62-hq-83894-section-8.pdf,086ef2c8f54e9a53cec4ba77caa2376fabdc085d5e1a532d563a37e65deb917d,processing/department-of-war/release-01/text/65-hs1-834228961-62-hq-83894-section-8.txt,department-of-war/release-01/65-hs1-834228961-62-hq-83894-section-8.md,0,61.6,334487,1541.4,5,ocrmypdf 17.5.0 / tesseract 5.5.2,-l eng --mode skip --rotate-pages --deskew --optimize 1,false,
department-of-war,release-01,processing/department-of-war/release-01/originals/65-hs1-834228961-62-hq-83894-section-9.pdf,c0a322f3544e3ba6c95257b89b2fd3aec3249c7a5d8f419e3f1826facea40a08,52058639,290,processing/department-of-war/release-01/searchable-pdf/65-hs1-834228961-62-hq-83894-section-9.pdf,c5cf624f111b75ae261b74a465bc1479ee5e66c463f6653ffbd4ef122c61bdc6,processing/department-of-war/release-01/text/65-hs1-834228961-62-hq-83894-section-9.txt,department-of-war/release-01/65-hs1-834228961-62-hq-83894-section-9.md,0,27.0,515549,1777.8,5,ocrmypdf 17.5.0 / tesseract 5.5.2,-l eng --mode skip --rotate-pages --deskew --optimize 1,false,
department-of-war,release-01,processing/department-of-war/release-01/originals/65-hs1-834228961-62-hq-83894-serial-130.pdf,77043137eec2494bbeeb945c2cf8674ce343617e3c4d14ab17a69806c58dae6a,21525036,126,processing/department-of-war/release-01/searchable-pdf/65-hs1-834228961-62-hq-83894-serial-130.pdf,836e20997d3843f6990ab3b3ae9ba835a084f56c1ab9c169c6242b5bc2080379,processing/department-of-war/release-01/text/65-hs1-834228961-62-hq-83894-serial-130.txt,department-of-war/release-01/65-hs1-834228961-62-hq-83894-serial-130.md,0,30.4,333906,2650.0,3,ocrmypdf 17.5.0 / tesseract 5.5.2,-l eng --mode skip --rotate-pages --deskew --optimize 1,false,
department-of-war,release-01,processing/department-of-war/release-01/originals/65-hs1-834228961-62-hq-83894-serial-153.pdf,0df8c23b9c7710c849ebffc9d17edf3299e3f2876554ac8aa64bc5822e97150c,1082077,9,processing/department-of-war/release-01/searchable-pdf/65-hs1-834228961-62-hq-83894-serial-153.pdf,68a6a9ce068cd90dac2ba7e3b6af1577da54ba968368e6b66b88b7b1f15d0864,processing/department-of-war/release-01/text/65-hs1-834228961-62-hq-83894-serial-153.txt,department-of-war/release-01/65-hs1-834228961-62-hq-83894-serial-153.md,0,4.2,2661,295.7,2,ocrmypdf 17.5.0 / tesseract 5.5.2,-l eng --mode skip --rotate-pages --deskew --optimize 1,true,
department-of-war,release-01,processing/department-of-war/release-01/originals/65-hs1-834228961-62-hq-83894-serial-164.pdf,fafb11efae96654a947177809349c9e10d0149d87c23f5f3af18a57e0b5dfae3,22734336,137,processing/department-of-war/release-01/searchable-pdf/65-hs1-834228961-62-hq-83894-serial-164.pdf,c132103930cc2143bba1075a328f08f97eb215447b0e83ce519de13e62705da3,processing/department-of-war/release-01/text/65-hs1-834228961-62-hq-83894-serial-164.txt,department-of-war/release-01/65-hs1-834228961-62-hq-83894-serial-164.md,0,3.7,205754,1501.9,0,ocrmypdf 17.5.0 / tesseract 5.5.2,-l eng --mode skip --rotate-pages --deskew --optimize 1,false,
department-of-war,release-01,processing/department-of-war/release-01/originals/65-hs1-834228961-62-hq-83894-serial-220.pdf,a61357a986698132d1704002b5eea63f687be0ef214013941fe670da1a9d3914,3208280,15,processing/department-of-war/release-01/searchable-pdf/65-hs1-834228961-62-hq-83894-serial-220.pdf,2589bbc53cb0becccfd613b99824b9c2db5ac5190168a3b7a9d1dd6e5c98c7c5,processing/department-of-war/release-01/text/65-hs1-834228961-62-hq-83894-serial-220.txt,department-of-war/release-01/65-hs1-834228961-62-hq-83894-serial-220.md,0,6.0,18901,1260.1,3,ocrmypdf 17.5.0 / tesseract 5.5.2,-l eng --mode skip --rotate-pages --deskew --optimize 1,false,
department-of-war,release-01,processing/department-of-war/release-01/originals/65-hs1-834228961-62-hq-83894-serial-403.pdf,b557b29df1c6f2c5ff8fa51e5cafb9ef9b61672a38ec0522658a1a13efb8bcae,890862,3,processing/department-of-war/release-01/searchable-pdf/65-hs1-834228961-62-hq-83894-serial-403.pdf,b3e41db10d336b3a4d1f75121ccfdce083c83508ffb10aeb0215ebca3cb6156b,processing/department-of-war/release-01/text/65-hs1-834228961-62-hq-83894-serial-403.txt,department-of-war/release-01/65-hs1-834228961-62-hq-83894-serial-403.md,0,0.4,5149,1716.3,0,ocrmypdf 17.5.0 / tesseract 5.5.2,-l eng --mode skip --rotate-pages --deskew --optimize 1,false,
department-of-war,release-01,processing/department-of-war/release-01/originals/65-hs1-834228961-62-hq-83894-serial-438.pdf,88c6b1c82931a1ddcb25c9c8797d8631bb31588f02e7a98717362556335274fc,7579278,40,processing/department-of-war/release-01/searchable-pdf/65-hs1-834228961-62-hq-83894-serial-438.pdf,710c213a1e0b11e7b3bb4cf65b93757839332b88ffd8bbec5cb96d77f4aadaa1,processing/department-of-war/release-01/text/65-hs1-834228961-62-hq-83894-serial-438.txt,department-of-war/release-01/65-hs1-834228961-62-hq-83894-serial-438.md,0,5.9,119467,2986.7,1,ocrmypdf 17.5.0 / tesseract 5.5.2,-l eng --mode skip --rotate-pages --deskew --optimize 1,false,
department-of-war,release-01,processing/department-of-war/release-01/originals/65-hs1-834228961-62-hq-83894-serial-449.pdf,2ca8cede91d8fd7964cda2338decd999a5bbff19a662b35352f0d965a46a3999,6900861,18,processing/department-of-war/release-01/searchable-pdf/65-hs1-834228961-62-hq-83894-serial-449.pdf,20bf7cc65d2a3acb5fedaaefbd424473278ef75354ce99db915fea41b0161d50,processing/department-of-war/release-01/text/65-hs1-834228961-62-hq-83894-serial-449.txt,department-of-war/release-01/65-hs1-834228961-62-hq-83894-serial-449.md,0,1.1,231965,12886.9,0,ocrmypdf 17.5.0 / tesseract 5.5.2,-l eng --mode skip --rotate-pages --deskew --optimize 1,false,
department-of-war,release-01,processing/department-of-war/release-01/originals/65-hs1-834228961-62-hq-83894-sub-a.pdf,ed6e3824974865fe91667f834c2aba6e3f3d503a5913928dfefb62425279d2e4,35851631,124,processing/department-of-war/release-01/searchable-pdf/65-hs1-834228961-62-hq-83894-sub-a.pdf,8e5e1d3050363a422fd6622a1fc2f6d193149993caa3bd0898dac45b49bbc506,processing/department-of-war/release-01/text/65-hs1-834228961-62-hq-83894-sub-a.txt,department-of-war/release-01/65-hs1-834228961-62-hq-83894-sub-a.md,0,5.4,529485,4270.0,3,ocrmypdf 17.5.0 / tesseract 5.5.2,-l eng --mode skip --rotate-pages --deskew --optimize 1,false,
department-of-war,release-01,processing/department-of-war/release-01/originals/dos-uap-d1-cable-1-papua-new-guinea-january-1985.pdf,566894d9cb31e15818e87d54e848a634ddd711aa7fb9ed72402d4a759e3a3bf8,306604,3,processing/department-of-war/release-01/searchable-pdf/dos-uap-d1-cable-1-papua-new-guinea-january-1985.pdf,eb08aa2056c67614d5c41d059d69ba3ededfdfb514b947697b8f45aa8b16e0e9,processing/department-of-war/release-01/text/dos-uap-d1-cable-1-papua-new-guinea-january-1985.txt,department-of-war/release-01/dos-uap-d1-cable-1-papua-new-guinea-january-1985.md,0,0.4,4681,1560.3,0,ocrmypdf 17.5.0 / tesseract 5.5.2,-l eng --mode skip --rotate-pages --deskew --optimize 1,false,
department-of-war,release-01,processing/department-of-war/release-01/originals/dos-uap-d2-cable-2-kazakhstan-january-1994.pdf,e1d583556594e3e98f0ceea5598760c9d122283c4582f7d5f6c6c9ad96ad76e3,382367,3,processing/department-of-war/release-01/searchable-pdf/dos-uap-d2-cable-2-kazakhstan-january-1994.pdf,de51055100462b560b134c75accaaf2f95e6d97368b13e475a00032d7deff17a,processing/department-of-war/release-01/text/dos-uap-d2-cable-2-kazakhstan-january-1994.txt,department-of-war/release-01/dos-uap-d2-cable-2-kazakhstan-january-1994.md,0,0.4,5958,1986.0,0,ocrmypdf 17.5.0 / tesseract 5.5.2,-l eng --mode skip --rotate-pages --deskew --optimize 1,false,
department-of-war,release-01,processing/department-of-war/release-01/originals/dow-uap-d10-mission-report-middle-east-may-2022.pdf,f9deed9063306b0c45a5a0f6b754db6967f7dc3a0ed66097f154be4b0f033399,663290,6,processing/department-of-war/release-01/searchable-pdf/dow-uap-d10-mission-report-middle-east-may-2022.pdf,ef996a97862570983fb32beeb2d5f95f3eecb48fe4ded3e646fc18ae0b1820b6,processing/department-of-war/release-01/text/dow-uap-d10-mission-report-middle-east-may-2022.txt,department-of-war/release-01/dow-uap-d10-mission-report-middle-east-may-2022.md,0,0.4,9599,1599.8,0,ocrmypdf 17.5.0 / tesseract 5.5.2,-l eng --mode skip --rotate-pages --deskew --optimize 1,false,
department-of-war,release-01,processing/department-of-war/release-01/originals/dow-uap-d12-mission-report-iraq-may-2022.pdf,00afb60938d05101a62d0af41fdfc6749612fcea806d90d5a1035a9dc874afb5,670302,6,processing/department-of-war/release-01/searchable-pdf/dow-uap-d12-mission-report-iraq-may-2022.pdf,1e9c7abefe55f587ccb8b5847724f83dd47504746eafd5c1dfc6bfb9d6ebb89b,processing/department-of-war/release-01/text/dow-uap-d12-mission-report-iraq-may-2022.txt,department-of-war/release-01/dow-uap-d12-mission-report-iraq-may-2022.md,0,0.4,9717,1619.5,0,ocrmypdf 17.5.0 / tesseract 5.5.2,-l eng --mode skip --rotate-pages --deskew --optimize 1,false,
department-of-war,release-01,processing/department-of-war/release-01/originals/dow-uap-d14-mission-report-iraq-may-2022.pdf,1822564fbae08f152ad4541c8d067a6ec3b6014c4b4eb8209604e1facb5e1bb3,7463660,9,processing/department-of-war/release-01/searchable-pdf/dow-uap-d14-mission-report-iraq-may-2022.pdf,11c6a48616804ca4255e621b810e1eac365222cedda508043fb3cb27f0ac5afb,processing/department-of-war/release-01/text/dow-uap-d14-mission-report-iraq-may-2022.txt,department-of-war/release-01/dow-uap-d14-mission-report-iraq-may-2022.md,0,3.6,16180,1797.8,0,ocrmypdf 17.5.0 / tesseract 5.5.2,-l eng --mode skip --rotate-pages --deskew --optimize 1,false,
department-of-war,release-01,processing/department-of-war/release-01/originals/dow-uap-d16-mission-report-syria-july-2022.pdf,b3b3f023d70bcce3178de9fe6a019ea6db5e5145bc7e28a49308442e190ef817,6999240,7,processing/department-of-war/release-01/searchable-pdf/dow-uap-d16-mission-report-syria-july-2022.pdf,4f79807b564363b38747987d61bec194f0714deeaf4f9711ffaa61e5ef710d4e,processing/department-of-war/release-01/text/dow-uap-d16-mission-report-syria-july-2022.txt,department-of-war/release-01/dow-uap-d16-mission-report-syria-july-2022.md,0,2.7,14139,2019.9,0,ocrmypdf 17.5.0 / tesseract 5.5.2,-l eng --mode skip --rotate-pages --deskew --optimize 1,false,
department-of-war,release-01,processing/department-of-war/release-01/originals/dow-uap-d18-mission-report-iraq-december-2022.pdf,4752dd830144b21c3055a2fea8b44c551445b41622c27db64fb0fa07c2dcd93d,3673697,6,processing/department-of-war/release-01/searchable-pdf/dow-uap-d18-mission-report-iraq-december-2022.pdf,7b083ddd33d00b48fc4b00442879253b0befbe6d528be11ab24164ffb99c3be3,processing/department-of-war/release-01/text/dow-uap-d18-mission-report-iraq-december-2022.txt,department-of-war/release-01/dow-uap-d18-mission-report-iraq-december-2022.md,0,1.3,10237,1706.2,0,ocrmypdf 17.5.0 / tesseract 5.5.2,-l eng --mode skip --rotate-pages --deskew --optimize 1,false,
department-of-war,release-01,processing/department-of-war/release-01/originals/dow-uap-d19-mission-report-syria-february-21-2023.pdf,46701a48cefa62a834941f073aa47234bcd5358b1ecc53bfa58cfc7cb5aeec41,5885305,10,processing/department-of-war/release-01/searchable-pdf/dow-uap-d19-mission-report-syria-february-21-2023.pdf,bb33901b87ce35857e7078644cd4b8fa4c06d09af0e1a8a2e023b026f850b2c8,processing/department-of-war/release-01/text/dow-uap-d19-mission-report-syria-february-21-2023.txt,department-of-war/release-01/dow-uap-d19-mission-report-syria-february-21-2023.md,0,1.8,17086,1708.6,0,ocrmypdf 17.5.0 / tesseract 5.5.2,-l eng --mode skip --rotate-pages --deskew --optimize 1,false,
department-of-war,release-01,processing/department-of-war/release-01/originals/dow-uap-d20-mission-report-iraq-2023.pdf,71ca8826db94d61583083ef8465a6902564532dcab7d49d0d2db3e86aaf85b2f,3698245,6,processing/department-of-war/release-01/searchable-pdf/dow-uap-d20-mission-report-iraq-2023.pdf,a3b7bb8e8c66566b2c12abb93502a9b8fc5234afc04db88f8d70c72d2417bec7,processing/department-of-war/release-01/text/dow-uap-d20-mission-report-iraq-2023.txt,department-of-war/release-01/dow-uap-d20-mission-report-iraq-2023.md,0,1.3,10556,1759.3,0,ocrmypdf 17.5.0 / tesseract 5.5.2,-l eng --mode skip --rotate-pages --deskew --optimize 1,false,
department-of-war,release-01,processing/department-of-war/release-01/originals/dow-uap-d23-mission-report-united-arab-emirates-october-2023.pdf,ea1cd5296143f378db533066b524c32c1ecfbfd43d74ec6be7d832c20fa271bb,1324277,9,processing/department-of-war/release-01/searchable-pdf/dow-uap-d23-mission-report-united-arab-emirates-october-2023.pdf,e67b8cc75aa66db238c46bb26211b1848486480b56d21fff4ffcd629dc8be6d0,processing/department-of-war/release-01/text/dow-uap-d23-mission-report-united-arab-emirates-october-2023.txt,department-of-war/release-01/dow-uap-d23-mission-report-united-arab-emirates-october-2023.md,0,0.5,16810,1867.8,0,ocrmypdf 17.5.0 / tesseract 5.5.2,-l eng --mode skip --rotate-pages --deskew --optimize 1,false,
department-of-war,release-01,processing/department-of-war/release-01/originals/dow-uap-d25-mission-report-greece-january-2024.pdf,bd5478d2e420f6ff46fb06014e39027e1caa415f55efdc9bd70a849ff6990356,680054,7,processing/department-of-war/release-01/searchable-pdf/dow-uap-d25-mission-report-greece-january-2024.pdf,6fa69ab5cbfc3ab3261a4de7e597874712966664213785a3fa9c96bcdee98428,processing/department-of-war/release-01/text/dow-uap-d25-mission-report-greece-january-2024.txt,department-of-war/release-01/dow-uap-d25-mission-report-greece-january-2024.md,0,0.4,13170,1881.4,0,ocrmypdf 17.5.0 / tesseract 5.5.2,-l eng --mode skip --rotate-pages --deskew --optimize 1,false,
department-of-war,release-01,processing/department-of-war/release-01/originals/dow-uap-d27-mission-report-united-arab-emirates-october-2023.pdf,86275421f64583566fcc32b7422c5d991b35dd7d3700e01d3fcf24b279fff243,689226,8,processing/department-of-war/release-01/searchable-pdf/dow-uap-d27-mission-report-united-arab-emirates-october-2023.pdf,2ddd8282da494371b937c15bcde6f92ebcf4bf18ffc29acc76afe6eff9660b1f,processing/department-of-war/release-01/text/dow-uap-d27-mission-report-united-arab-emirates-october-2023.txt,department-of-war/release-01/dow-uap-d27-mission-report-united-arab-emirates-october-2023.md,0,0.4,14584,1823.0,0,ocrmypdf 17.5.0 / tesseract 5.5.2,-l eng --mode skip --rotate-pages --deskew --optimize 1,false,
department-of-war,release-01,processing/department-of-war/release-01/originals/dow-uap-d28-mission-report-east-china-sea-2024.pdf,e12c00b3e2d64e35eef5623499e6eb23b1bc21d304523c75d28d3f474d91d77e,633172,6,processing/department-of-war/release-01/searchable-pdf/dow-uap-d28-mission-report-east-china-sea-2024.pdf,13259480b4d5ea642f05236816996441248ce2f52f0de24d69e46506dcafa69e,processing/department-of-war/release-01/text/dow-uap-d28-mission-report-east-china-sea-2024.txt,department-of-war/release-01/dow-uap-d28-mission-report-east-china-sea-2024.md,0,0.4,12322,2053.7,0,ocrmypdf 17.5.0 / tesseract 5.5.2,-l eng --mode skip --rotate-pages --deskew --optimize 1,false,
department-of-war,release-01,processing/department-of-war/release-01/originals/dow-uap-d3-mission-report-arabian-gulf-2020.pdf,58219b8000454aa27424ead9530bf80420365a587b95d4c770a5dce916783b45,101111,7,processing/department-of-war/release-01/searchable-pdf/dow-uap-d3-mission-report-arabian-gulf-2020.pdf,7d3405601c173eb009d53c3536b655cc6f7818724890f0c178a715d389c2eb4a,processing/department-of-war/release-01/text/dow-uap-d3-mission-report-arabian-gulf-2020.txt,department-of-war/release-01/dow-uap-d3-mission-report-arabian-gulf-2020.md,0,1.0,7172,1024.6,0,ocrmypdf 17.5.0 / tesseract 5.5.2,-l eng --mode skip --rotate-pages --deskew --optimize 1,false,
department-of-war,release-01,processing/department-of-war/release-01/originals/dow-uap-d32-mission-report-syria-october-2024.pdf,fd4deb1e48fcfa7fd2370b6459877882e6d6fdd0226ecaa881a45fba690172df,651740,10,processing/department-of-war/release-01/searchable-pdf/dow-uap-d32-mission-report-syria-october-2024.pdf,0d04b158798687e3fd7c52a8f2371e8dc2e93deca709fd8ab15f535c484ce944,processing/department-of-war/release-01/text/dow-uap-d32-mission-report-syria-october-2024.txt,department-of-war/release-01/dow-uap-d32-mission-report-syria-october-2024.md,0,0.4,18308,1830.8,0,ocrmypdf 17.5.0 / tesseract 5.5.2,-l eng --mode skip --rotate-pages --deskew --optimize 1,false,
department-of-war,release-01,processing/department-of-war/release-01/originals/dow-uap-d33-mission-report-greece-october-2023.pdf,7078d96f334dbf396e0e0a141f943009fe2191cd20842e16ee381bcbc2776c43,897434,7,processing/department-of-war/release-01/searchable-pdf/dow-uap-d33-mission-report-greece-october-2023.pdf,8f2432a6ed4b19b233c1e0e6d51184454cd5d663d769dfc8b2fe64c7b217f9b9,processing/department-of-war/release-01/text/dow-uap-d33-mission-report-greece-october-2023.txt,department-of-war/release-01/dow-uap-d33-mission-report-greece-october-2023.md,0,0.5,10901,1557.3,0,ocrmypdf 17.5.0 / tesseract 5.5.2,-l eng --mode skip --rotate-pages --deskew --optimize 1,false,
department-of-war,release-01,processing/department-of-war/release-01/originals/dow-uap-d35-mission-report-greece-october-2023.pdf,b4f4f4ce6dc7687a543905990671f999cd6c5a9e579159bfda501bf6d04f4445,1415369,7,processing/department-of-war/release-01/searchable-pdf/dow-uap-d35-mission-report-greece-october-2023.pdf,0323dc69d786205019c9bff06d7076aa432b8f6786503884276954002003b53e,processing/department-of-war/release-01/text/dow-uap-d35-mission-report-greece-october-2023.txt,department-of-war/release-01/dow-uap-d35-mission-report-greece-october-2023.md,0,0.6,11137,1591.0,0,ocrmypdf 17.5.0 / tesseract 5.5.2,-l eng --mode skip --rotate-pages --deskew --optimize 1,false,
department-of-war,release-01,processing/department-of-war/release-01/originals/dow-uap-d38-range-fouler-debrief-middle-east-may-2020.pdf,90b353682ba2181149054d0911b7553e58e959438dd4de531a06fc387a332f85,342668,1,processing/department-of-war/release-01/searchable-pdf/dow-uap-d38-range-fouler-debrief-middle-east-may-2020.pdf,495346a6ce967f85e89dd6667f78e94ca22b2b414032d5781e1ce994d2bb334a,processing/department-of-war/release-01/text/dow-uap-d38-range-fouler-debrief-middle-east-may-2020.txt,department-of-war/release-01/dow-uap-d38-range-fouler-debrief-middle-east-may-2020.md,0,0.4,6628,6628.0,0,ocrmypdf 17.5.0 / tesseract 5.5.2,-l eng --mode skip --rotate-pages --deskew --optimize 1,false,
department-of-war,release-01,processing/department-of-war/release-01/originals/dow-uap-d4-mission-report-arabian-gulf-2020.pdf,857deb5a9363aad6e7604c828574d1f44caa0128b3ee0cb5a69204cbcd95d269,29121,5,processing/department-of-war/release-01/searchable-pdf/dow-uap-d4-mission-report-arabian-gulf-2020.pdf,b30c5b8a7f040d3aaeaca03c422c61b4ed4bc571d06d5c06af07acecd0f011c0,processing/department-of-war/release-01/text/dow-uap-d4-mission-report-arabian-gulf-2020.txt,department-of-war/release-01/dow-uap-d4-mission-report-arabian-gulf-2020.md,0,0.3,402,80.4,0,ocrmypdf 17.5.0 / tesseract 5.5.2,-l eng --mode skip --rotate-pages --deskew --optimize 1,false,
department-of-war,release-01,processing/department-of-war/release-01/originals/dow-uap-d42-range-fouler-debrief-japan-2023.pdf,d52431b354af55b1e86cb454e61fd61993af3b023a38f2d9e014a9c9d18d16b4,295621,1,processing/department-of-war/release-01/searchable-pdf/dow-uap-d42-range-fouler-debrief-japan-2023.pdf,4bd05dbe8dfacf1288ed32e772a95ca1f074af44dabc5d2b43a91bc248d1731b,processing/department-of-war/release-01/text/dow-uap-d42-range-fouler-debrief-japan-2023.txt,department-of-war/release-01/dow-uap-d42-range-fouler-debrief-japan-2023.md,0,0.4,7868,7868.0,0,ocrmypdf 17.5.0 / tesseract 5.5.2,-l eng --mode skip --rotate-pages --deskew --optimize 1,false,
department-of-war,release-01,processing/department-of-war/release-01/originals/dow-uap-d44-range-fouler-arabian-sea-october-2020.pdf,c5cfbc8bacca29db64346aaa03846a6e36eab01ac09e1e93d8d50028593cf3f9,297873,1,processing/department-of-war/release-01/searchable-pdf/dow-uap-d44-range-fouler-arabian-sea-october-2020.pdf,a388f387d4054e35f7c9ee087ab6a7348de1ff2f471c742ed6e8b28d7ff1fa3d,processing/department-of-war/release-01/text/dow-uap-d44-range-fouler-arabian-sea-october-2020.txt,department-of-war/release-01/dow-uap-d44-range-fouler-arabian-sea-october-2020.md,0,0.4,7807,7807.0,0,ocrmypdf 17.5.0 / tesseract 5.5.2,-l eng --mode skip --rotate-pages --deskew --optimize 1,false,
department-of-war,release-01,processing/department-of-war/release-01/originals/dow-uap-d48-report-september-1996.pdf,0dc72877cdf9cc3a1645c3c9d282928922b00e8fd9ffd7b1daf66f46c72b2071,22495083,181,processing/department-of-war/release-01/searchable-pdf/dow-uap-d48-report-september-1996.pdf,d5b96ed068571ef25aa75f2b98d34adffdded29ce84ff35c65fa124f497f5148,processing/department-of-war/release-01/text/dow-uap-d48-report-september-1996.txt,department-of-war/release-01/dow-uap-d48-report-september-1996.md,0,23.3,602442,3328.4,0,ocrmypdf 17.5.0 / tesseract 5.5.2,-l eng --mode skip --rotate-pages --deskew --optimize 1,false,
department-of-war,release-01,processing/department-of-war/release-01/originals/dow-uap-d49-launch-summary-february-2000.pdf,0dd7855ac3c69e39a9752c53fe6ba3e851d617e28adfcbf07c3ec93907877cf7,9090715,113,processing/department-of-war/release-01/searchable-pdf/dow-uap-d49-launch-summary-february-2000.pdf,831e6783f7d362b704e32b33abfd8d29fcda8760343c502fbf990200744ed254,processing/department-of-war/release-01/text/dow-uap-d49-launch-summary-february-2000.txt,department-of-war/release-01/dow-uap-d49-launch-summary-february-2000.md,0,15.5,377980,3345.0,0,ocrmypdf 17.5.0 / tesseract 5.5.2,-l eng --mode skip --rotate-pages --deskew --optimize 1,false,
department-of-war,release-01,processing/department-of-war/release-01/originals/dow-uap-d5-mission-report-arabian-gulf-2020.pdf,af150a6b5139abc632446c9d5999fd5abc4f3c476c6245f173faabb6e2132d10,30588,6,processing/department-of-war/release-01/searchable-pdf/dow-uap-d5-mission-report-arabian-gulf-2020.pdf,58463cfc316f35a19cc04a313217a3dcd278d01c99e504f19b1f2713c7a4ac9c,processing/department-of-war/release-01/text/dow-uap-d5-mission-report-arabian-gulf-2020.txt,department-of-war/release-01/dow-uap-d5-mission-report-arabian-gulf-2020.md,0,0.4,501,83.5,0,ocrmypdf 17.5.0 / tesseract 5.5.2,-l eng --mode skip --rotate-pages --deskew --optimize 1,false,
department-of-war,release-01,processing/department-of-war/release-01/originals/dow-uap-d50-email-correspondence-indopacom-april-2025.pdf,10c11e9bf4d6686159da48e3d9388e7d3afe4ae8b1e79725ec6c63ccc491e537,312451,2,processing/department-of-war/release-01/searchable-pdf/dow-uap-d50-email-correspondence-indopacom-april-2025.pdf,08cb2a8e7c357c1e1ab7929078a41974b6b9440ad911e0e772f4c3ac4e093bc1,processing/department-of-war/release-01/text/dow-uap-d50-email-correspondence-indopacom-april-2025.txt,department-of-war/release-01/dow-uap-d50-email-correspondence-indopacom-april-2025.md,0,0.4,1316,658.0,0,ocrmypdf 17.5.0 / tesseract 5.5.2,-l eng --mode skip --rotate-pages --deskew --optimize 1,false,
department-of-war,release-01,processing/department-of-war/release-01/originals/dow-uap-d51-email-correspondence-pacific-time-zone-march-2023.pdf,f21f4ae91e51810bfa8a6fce6c422f2bbf99c6277871846c642f987954c042f6,76470,6,processing/department-of-war/release-01/searchable-pdf/dow-uap-d51-email-correspondence-pacific-time-zone-march-2023.pdf,3bafe14d242e0cb8bcc663037e11664cc8f62615146f06fdb73444fa64b31bd9,processing/department-of-war/release-01/text/dow-uap-d51-email-correspondence-pacific-time-zone-march-2023.txt,department-of-war/release-01/dow-uap-d51-email-correspondence-pacific-time-zone-march-2023.md,0,0.4,3116,519.3,1,ocrmypdf 17.5.0 / tesseract 5.5.2,-l eng --mode skip --rotate-pages --deskew --optimize 1,false,
department-of-war,release-01,processing/department-of-war/release-01/originals/dow-uap-d52-email-correspondance-na-august-2024.pdf,90570293e61c9b228e557b2e83f6e32821f5cf13879b0c5b83c1b8b58153f510,66874,2,processing/department-of-war/release-01/searchable-pdf/dow-uap-d52-email-correspondance-na-august-2024.pdf,4be2b8a3c2fd431b09102ec3b5510004281058b781ac782ee16f980dd1cd0f6a,processing/department-of-war/release-01/text/dow-uap-d52-email-correspondance-na-august-2024.txt,department-of-war/release-01/dow-uap-d52-email-correspondance-na-august-2024.md,0,0.3,912,456.0,0,ocrmypdf 17.5.0 / tesseract 5.5.2,-l eng --mode skip --rotate-pages --deskew --optimize 1,false,
department-of-war,release-01,processing/department-of-war/release-01/originals/dow-uap-d54-mission-report-mediterranean-sea-na.pdf,03b730443d7be1c67478fc26da8ed664cb48b97acdb817caca3b04fd9b9b82a8,20095,7,processing/department-of-war/release-01/searchable-pdf/dow-uap-d54-mission-report-mediterranean-sea-na.pdf,396122ae461cf01aed43ee763f82ca3627791ef9ed29e9d2536775577f08f093,processing/department-of-war/release-01/text/dow-uap-d54-mission-report-mediterranean-sea-na.txt,department-of-war/release-01/dow-uap-d54-mission-report-mediterranean-sea-na.md,0,0.4,580,82.9,0,ocrmypdf 17.5.0 / tesseract 5.5.2,-l eng --mode skip --rotate-pages --deskew --optimize 1,false,
department-of-war,release-01,processing/department-of-war/release-01/originals/dow-uap-d55-mission-report-syria-november-2016.pdf,f5885b95b57a81c08f0595c02950a07c250db050562520c52fb74f2195787166,207227,1,processing/department-of-war/release-01/searchable-pdf/dow-uap-d55-mission-report-syria-november-2016.pdf,4556c43818ae1089bdf37413d7885892a98d7afc9cd99caf35220823405e0b14,processing/department-of-war/release-01/text/dow-uap-d55-mission-report-syria-november-2016.txt,department-of-war/release-01/dow-uap-d55-mission-report-syria-november-2016.md,0,0.4,2550,2550.0,0,ocrmypdf 17.5.0 / tesseract 5.5.2,-l eng --mode skip --rotate-pages --deskew --optimize 1,false,
department-of-war,release-01,processing/department-of-war/release-01/originals/dow-uap-d56-range-fouler-debrief-arabian-sea-august-2020.pdf,9127fb5a81efacf030df4dc6290d02bcdf4c8512cf1809b6eccfe6cf16a77f31,1849972,1,processing/department-of-war/release-01/searchable-pdf/dow-uap-d56-range-fouler-debrief-arabian-sea-august-2020.pdf,dbd415660d29c364c9377a0e25cbd884be58a4eb08c989b6939890ae0d3564b6,processing/department-of-war/release-01/text/dow-uap-d56-range-fouler-debrief-arabian-sea-august-2020.txt,department-of-war/release-01/dow-uap-d56-range-fouler-debrief-arabian-sea-august-2020.md,0,0.6,7896,7896.0,0,ocrmypdf 17.5.0 / tesseract 5.5.2,-l eng --mode skip --rotate-pages --deskew --optimize 1,false,
department-of-war,release-01,processing/department-of-war/release-01/originals/dow-uap-d57-mission-report-gulf-of-aden-september-2020.pdf,2565433b0ac938d6123c611be75b30ec6cf99c192e71dbf4ef53c40a6852ca00,295447,1,processing/department-of-war/release-01/searchable-pdf/dow-uap-d57-mission-report-gulf-of-aden-september-2020.pdf,64fa13296c57596ed32623f30f4f9db672c32b432ad6f80a08ab78b9fa39f470,processing/department-of-war/release-01/text/dow-uap-d57-mission-report-gulf-of-aden-september-2020.txt,department-of-war/release-01/dow-uap-d57-mission-report-gulf-of-aden-september-2020.md,0,0.5,5875,5875.0,0,ocrmypdf 17.5.0 / tesseract 5.5.2,-l eng --mode skip --rotate-pages --deskew --optimize 1,false,
department-of-war,release-01,processing/department-of-war/release-01/originals/dow-uap-d58-range-fouler-debrief-na-october-2020.pdf,c2bd370cdadc2f17649830713d55731aa22ceb76940fd64ae7ffc86fc0559261,301419,1,processing/department-of-war/release-01/searchable-pdf/dow-uap-d58-range-fouler-debrief-na-october-2020.pdf,c4faf125336fb78adf1bd60fe10a85e1e74ff22bc0dd7c0de382d623894cab92,processing/department-of-war/release-01/text/dow-uap-d58-range-fouler-debrief-na-october-2020.txt,department-of-war/release-01/dow-uap-d58-range-fouler-debrief-na-october-2020.md,0,0.4,7492,7492.0,0,ocrmypdf 17.5.0 / tesseract 5.5.2,-l eng --mode skip --rotate-pages --deskew --optimize 1,false,
department-of-war,release-01,processing/department-of-war/release-01/originals/dow-uap-d6-mission-report-arabian-gulf-2020.pdf,0f898352417d0447b3720c6eda131ac0cbe7e4cf90b8d1ceab60a431fa835457,26847,7,processing/department-of-war/release-01/searchable-pdf/dow-uap-d6-mission-report-arabian-gulf-2020.pdf,ac161e920d8740f86a79638201152496e2507e9a38356e5d1f1cfaa6e7ddfc6b,processing/department-of-war/release-01/text/dow-uap-d6-mission-report-arabian-gulf-2020.txt,department-of-war/release-01/dow-uap-d6-mission-report-arabian-gulf-2020.md,0,0.3,280,40.0,0,ocrmypdf 17.5.0 / tesseract 5.5.2,-l eng --mode skip --rotate-pages --deskew --optimize 1,true,
department-of-war,release-01,processing/department-of-war/release-01/originals/dow-uap-d60-mission-report-persian-gulf-august-2020.pdf,39126406547c89dbc81112c5638612858fcfe7e38179dd89e6d725dc6cee13b1,2412310,6,processing/department-of-war/release-01/searchable-pdf/dow-uap-d60-mission-report-persian-gulf-august-2020.pdf,c8340365e062b55cd5d1b8a7f989a36469a4b9595c2bbaa05c2067252e5c3805,processing/department-of-war/release-01/text/dow-uap-d60-mission-report-persian-gulf-august-2020.txt,department-of-war/release-01/dow-uap-d60-mission-report-persian-gulf-august-2020.md,0,2.7,8519,1419.8,0,ocrmypdf 17.5.0 / tesseract 5.5.2,-l eng --mode skip --rotate-pages --deskew --optimize 1,false,
department-of-war,release-01,processing/department-of-war/release-01/originals/dow-uap-d61-mission-report-persian-gulf-august-2020.pdf,4ce20fc566edf4a3dcb8a8abd7a5dcd91046069f9e35f83912ad757c8c8be1b9,877324,7,processing/department-of-war/release-01/searchable-pdf/dow-uap-d61-mission-report-persian-gulf-august-2020.pdf,2eb965c1618361bbb3a40f7d7abae177f44582664292f973a47213562ae5cd79,processing/department-of-war/release-01/text/dow-uap-d61-mission-report-persian-gulf-august-2020.txt,department-of-war/release-01/dow-uap-d61-mission-report-persian-gulf-august-2020.md,0,0.5,10970,1567.1,0,ocrmypdf 17.5.0 / tesseract 5.5.2,-l eng --mode skip --rotate-pages --deskew --optimize 1,false,
department-of-war,release-01,processing/department-of-war/release-01/originals/dow-uap-d62-mission-report-strait-of-hormuz-september-2020.pdf,36708d3c6121b00c55394ac4a648fbcbe5411c8b2c00ea8f42f9ca0e502c6b13,1045437,9,processing/department-of-war/release-01/searchable-pdf/dow-uap-d62-mission-report-strait-of-hormuz-september-2020.pdf,4cd1989940edf5f245570d704cde17745946f3a6c281bfeb192ee105d4fa403e,processing/department-of-war/release-01/text/dow-uap-d62-mission-report-strait-of-hormuz-september-2020.txt,department-of-war/release-01/dow-uap-d62-mission-report-strait-of-hormuz-september-2020.md,0,0.6,13442,1493.6,0,ocrmypdf 17.5.0 / tesseract 5.5.2,-l eng --mode skip --rotate-pages --deskew --optimize 1,false,
department-of-war,release-01,processing/department-of-war/release-01/originals/dow-uap-d63-mission-report-strait-of-hormuz-october-2020.pdf,ad3b37eb9fbd20e6dc75152e486514e58ff8a1edde3d32615887ea0d19727884,3311583,8,processing/department-of-war/release-01/searchable-pdf/dow-uap-d63-mission-report-strait-of-hormuz-october-2020.pdf,7f3d8578319c662d2cb847966f50fcc1f37c04799a78e57072e2dc8da31fc5ee,processing/department-of-war/release-01/text/dow-uap-d63-mission-report-strait-of-hormuz-october-2020.txt,department-of-war/release-01/dow-uap-d63-mission-report-strait-of-hormuz-october-2020.md,0,3.3,12361,1545.1,0,ocrmypdf 17.5.0 / tesseract 5.5.2,-l eng --mode skip --rotate-pages --deskew --optimize 1,false,
department-of-war,release-01,processing/department-of-war/release-01/originals/dow-uap-d64-mission-report-iran-november-2020.pdf,8422fceb10b2eafcab525690cc9aff6827fc78d5ae5e34b44174d9cc78abbb7c,860506,7,processing/department-of-war/release-01/searchable-pdf/dow-uap-d64-mission-report-iran-november-2020.pdf,af71eadec472f7297cb04e464eab47796d752b8da67f8dc06f6b6faa34d7c303,processing/department-of-war/release-01/text/dow-uap-d64-mission-report-iran-november-2020.txt,department-of-war/release-01/dow-uap-d64-mission-report-iran-november-2020.md,0,0.5,11825,1689.3,0,ocrmypdf 17.5.0 / tesseract 5.5.2,-l eng --mode skip --rotate-pages --deskew --optimize 1,false,
department-of-war,release-01,processing/department-of-war/release-01/originals/dow-uap-d65-mission-report-persian-gulf-july-2020.pdf,bfbc281190a14c522d854c0cf2699f82de419e8f8a455949871ccdc9175bf423,3043075,8,processing/department-of-war/release-01/searchable-pdf/dow-uap-d65-mission-report-persian-gulf-july-2020.pdf,0425b92ba2c3a37f16542a3ba932fa2b3033fff9838864d4e80d5c4f61597bb0,processing/department-of-war/release-01/text/dow-uap-d65-mission-report-persian-gulf-july-2020.txt,department-of-war/release-01/dow-uap-d65-mission-report-persian-gulf-july-2020.md,0,3.0,11131,1391.4,0,ocrmypdf 17.5.0 / tesseract 5.5.2,-l eng --mode skip --rotate-pages --deskew --optimize 1,false,
department-of-war,release-01,processing/department-of-war/release-01/originals/dow-uap-d7-mission-report-arabian-gulf-2020.pdf,c4cae44b6ac7b4f4916ddff140d47b1e2a6ddc80ed72985877c07401d17fd76a,27337,6,processing/department-of-war/release-01/searchable-pdf/dow-uap-d7-mission-report-arabian-gulf-2020.pdf,c97d1c69345e99ef7890755108442d15034ea494141907560d549ac0af026be5,processing/department-of-war/release-01/text/dow-uap-d7-mission-report-arabian-gulf-2020.txt,department-of-war/release-01/dow-uap-d7-mission-report-arabian-gulf-2020.md,0,0.3,540,90.0,0,ocrmypdf 17.5.0 / tesseract 5.5.2,-l eng --mode skip --rotate-pages --deskew --optimize 1,false,
department-of-war,release-01,processing/department-of-war/release-01/originals/dow-uap-d74-mission-report-syria-november-2023.pdf,30708df4aa8484c668d3c3694560f5b57d5a10b6b3da1cfb826a925d9cc806e1,719044,10,processing/department-of-war/release-01/searchable-pdf/dow-uap-d74-mission-report-syria-november-2023.pdf,c0384a735a71d315e3e0a4f0916bb591d94e32daca8baf4cb1fbede1c2a6f3e8,processing/department-of-war/release-01/text/dow-uap-d74-mission-report-syria-november-2023.txt,department-of-war/release-01/dow-uap-d74-mission-report-syria-november-2023.md,0,0.4,17121,1712.1,0,ocrmypdf 17.5.0 / tesseract 5.5.2,-l eng --mode skip --rotate-pages --deskew --optimize 1,false,
department-of-war,release-01,processing/department-of-war/release-01/originals/dow-uap-d75-mission-report-gulf-of-aden-july-2024.pdf,672b79390fe6595828c71e1f3df8cb0a2290f0658c36ed724e17ea167233b771,792150,8,processing/department-of-war/release-01/searchable-pdf/dow-uap-d75-mission-report-gulf-of-aden-july-2024.pdf,c651e683974dc0f33e9eadcd708d97a898ac41e14f8fc7e804c6e17c28fa2b39,processing/department-of-war/release-01/text/dow-uap-d75-mission-report-gulf-of-aden-july-2024.txt,department-of-war/release-01/dow-uap-d75-mission-report-gulf-of-aden-july-2024.md,0,0.4,14575,1821.9,0,ocrmypdf 17.5.0 / tesseract 5.5.2,-l eng --mode skip --rotate-pages --deskew --optimize 1,false,
department-of-war,release-01,processing/department-of-war/release-01/originals/dow-uap-d8-mission-report-djibouti-2025.pdf,0a8548a845c3b45f90ee512bdfd8eac1af073072228e7e4d24e779d12025886c,29154,7,processing/department-of-war/release-01/searchable-pdf/dow-uap-d8-mission-report-djibouti-2025.pdf,4c17c8536b0647f8fa88cf090db4bbb019800c856589589da24ccdf1ab6bab1b,processing/department-of-war/release-01/text/dow-uap-d8-mission-report-djibouti-2025.txt,department-of-war/release-01/dow-uap-d8-mission-report-djibouti-2025.md,0,0.3,552,78.9,0,ocrmypdf 17.5.0 / tesseract 5.5.2,-l eng --mode skip --rotate-pages --deskew --optimize 1,true,
department-of-war,release-01,processing/department-of-war/release-01/originals/dow-uap-pr20.pdf,d6614ddb85556a5ad5476be15798b97f16fc3396e42ceffd993548d1e3201389,2297146,1,processing/department-of-war/release-01/searchable-pdf/dow-uap-pr20.pdf,ac2d3b7da9a32fb5fbf34d4183e32770d7d2f3338e7eebed39353b340c028e8e,processing/department-of-war/release-01/text/dow-uap-pr20.txt,department-of-war/release-01/dow-uap-pr20.md,0,0.6,827,827.0,0,ocrmypdf 17.5.0 / tesseract 5.5.2,-l eng --mode skip --rotate-pages --deskew --optimize 1,false,
department-of-war,release-01,processing/department-of-war/release-01/originals/fbi-photo-b1.pdf,6a456b9add3f4f6d87e39fa26698261bd86c654fd9d812d3a6cbd869d2b4de85,126599,1,processing/department-of-war/release-01/searchable-pdf/fbi-photo-b1.pdf,9bd56c30f038791bef81e56a693039c2b45db1608b557a8879ff72d3b1628e8d,processing/department-of-war/release-01/text/fbi-photo-b1.txt,department-of-war/release-01/fbi-photo-b1.md,0,1.2,1,1.0,1,ocrmypdf 17.5.0 / tesseract 5.5.2,-l eng --mode skip --rotate-pages --deskew --optimize 1,true,
department-of-war,release-01,processing/department-of-war/release-01/originals/fbi-photo-b10.pdf,8195bb3076df73633e568307823bd2ff2ab53c50e8a427122e41db0c26e0cf53,126186,1,processing/department-of-war/release-01/searchable-pdf/fbi-photo-b10.pdf,95fb77acd87f9a2c89aac10206c48ee5e289c78d55a6aa7ccde7bfd1a95cc3b7,processing/department-of-war/release-01/text/fbi-photo-b10.txt,department-of-war/release-01/fbi-photo-b10.md,0,0.3,3,3.0,0,ocrmypdf 17.5.0 / tesseract 5.5.2,-l eng --mode skip --rotate-pages --deskew --optimize 1,true,
department-of-war,release-01,processing/department-of-war/release-01/originals/fbi-photo-b11.pdf,aad2a8d88ab6e1dae78467b1b8d4226424ecf19ec3f67eb9e9fc56a0dd38bda9,120485,1,processing/department-of-war/release-01/searchable-pdf/fbi-photo-b11.pdf,f3ca2bf4e01f49c59fbc5b1a3e3d86c549eff84873b8d97cf56774d0a5fee0ee,processing/department-of-war/release-01/text/fbi-photo-b11.txt,department-of-war/release-01/fbi-photo-b11.md,0,1.2,1,1.0,1,ocrmypdf 17.5.0 / tesseract 5.5.2,-l eng --mode skip --rotate-pages --deskew --optimize 1,true,
department-of-war,release-01,processing/department-of-war/release-01/originals/fbi-photo-b12.pdf,1c4afdbae5c62023ed0c3cdf1272d864d851b5e178a2565ec8b744927c58c7ac,120747,1,processing/department-of-war/release-01/searchable-pdf/fbi-photo-b12.pdf,f20658d56f76f26523ec8de9e23e651cdc9cd9137f4c4d366e01fb31e73ca9a6,processing/department-of-war/release-01/text/fbi-photo-b12.txt,department-of-war/release-01/fbi-photo-b12.md,0,5.4,1,1.0,1,ocrmypdf 17.5.0 / tesseract 5.5.2,-l eng --mode skip --rotate-pages --deskew --optimize 1,true,
department-of-war,release-01,processing/department-of-war/release-01/originals/fbi-photo-b13.pdf,259b451d1355deb3c7f63a640641231859fe482ee7929b243727adf78716b64d,66245,1,processing/department-of-war/release-01/searchable-pdf/fbi-photo-b13.pdf,c616e6df4ef78909e85a52dd5edd7602cadc1afc4ad883d7ee68f50a06d7dc03,processing/department-of-war/release-01/text/fbi-photo-b13.txt,department-of-war/release-01/fbi-photo-b13.md,0,0.3,19,19.0,0,ocrmypdf 17.5.0 / tesseract 5.5.2,-l eng --mode skip --rotate-pages --deskew --optimize 1,true,
department-of-war,release-01,processing/department-of-war/release-01/originals/fbi-photo-b14.pdf,31c9299629c77d05de4acd549edfd548841baacc8460fd1fec9c683082f5239d,74014,1,processing/department-of-war/release-01/searchable-pdf/fbi-photo-b14.pdf,a0b521505e98ea1687401fbacf8a9d2402934c2b255670c414da4b64161bf158,processing/department-of-war/release-01/text/fbi-photo-b14.txt,department-of-war/release-01/fbi-photo-b14.md,0,0.3,88,88.0,0,ocrmypdf 17.5.0 / tesseract 5.5.2,-l eng --mode skip --rotate-pages --deskew --optimize 1,false,
department-of-war,release-01,processing/department-of-war/release-01/originals/fbi-photo-b15.pdf,92e6279262cc580978f5fd2bf9a0d1f1eb0e22326e6c2354fec861f174c7d611,62256,1,processing/department-of-war/release-01/searchable-pdf/fbi-photo-b15.pdf,0b29be9933fd4cf2ef1b647e6978334a2125df19c213d1f4ebff32e689134d97,processing/department-of-war/release-01/text/fbi-photo-b15.txt,department-of-war/release-01/fbi-photo-b15.md,0,2.9,1,1.0,1,ocrmypdf 17.5.0 / tesseract 5.5.2,-l eng --mode skip --rotate-pages --deskew --optimize 1,true,
department-of-war,release-01,processing/department-of-war/release-01/originals/fbi-photo-b16.pdf,a9abc1e6d69201bd0954a34170c2e70407b377b1791497666c13b580c7ac7a8f,62669,1,processing/department-of-war/release-01/searchable-pdf/fbi-photo-b16.pdf,36378cd783ae19e7b2f3806307a4327758bb2a480ceabe2cf033f4570814986c,processing/department-of-war/release-01/text/fbi-photo-b16.txt,department-of-war/release-01/fbi-photo-b16.md,0,2.9,1,1.0,1,ocrmypdf 17.5.0 / tesseract 5.5.2,-l eng --mode skip --rotate-pages --deskew --optimize 1,true,
department-of-war,release-01,processing/department-of-war/release-01/originals/fbi-photo-b17.pdf,f2d96af041ac6d451eb716109e2fd606d6071e7504f91e429ad6e8d5ae654745,65683,1,processing/department-of-war/release-01/searchable-pdf/fbi-photo-b17.pdf,035ea62819628f153a52561c5aba8125706b2c01971a21e2928a0c90a7c324c5,processing/department-of-war/release-01/text/fbi-photo-b17.txt,department-of-war/release-01/fbi-photo-b17.md,0,0.3,15,15.0,0,ocrmypdf 17.5.0 / tesseract 5.5.2,-l eng --mode skip --rotate-pages --deskew --optimize 1,true,
department-of-war,release-01,processing/department-of-war/release-01/originals/fbi-photo-b18.pdf,64c4b8d8df93af933cc16efc183c27a4262284d0dffe2ca5f6479a32fa536eb0,61286,1,processing/department-of-war/release-01/searchable-pdf/fbi-photo-b18.pdf,e651db83df429cf1c1e68f5a79d0c3283c3fdfeb6c3e4f2b6d8b2a741cf0a775,processing/department-of-war/release-01/text/fbi-photo-b18.txt,department-of-war/release-01/fbi-photo-b18.md,0,2.9,1,1.0,1,ocrmypdf 17.5.0 / tesseract 5.5.2,-l eng --mode skip --rotate-pages --deskew --optimize 1,true,
department-of-war,release-01,processing/department-of-war/release-01/originals/fbi-photo-b19.pdf,43fc008a99501f57a114be1246ba3cae6004b734d2609c2f7eb6611b9209e509,125697,1,processing/department-of-war/release-01/searchable-pdf/fbi-photo-b19.pdf,fb76f1def64fd40b5df2dd96d2093dfc70f682d70b40aedfe059901b39e9dcd0,processing/department-of-war/release-01/text/fbi-photo-b19.txt,department-of-war/release-01/fbi-photo-b19.md,0,5.6,1,1.0,1,ocrmypdf 17.5.0 / tesseract 5.5.2,-l eng --mode skip --rotate-pages --deskew --optimize 1,true,
department-of-war,release-01,processing/department-of-war/release-01/originals/fbi-photo-b2.pdf,861e37148d76359fb10e52eb7c2f17760f60ca0977ef0ad1079c5cda11b19530,122637,1,processing/department-of-war/release-01/searchable-pdf/fbi-photo-b2.pdf,161e62e818686bbe7cba7ee9d8ce2a8c897329ef2b14165fd0d84d745f3685f7,processing/department-of-war/release-01/text/fbi-photo-b2.txt,department-of-war/release-01/fbi-photo-b2.md,0,0.3,12,12.0,0,ocrmypdf 17.5.0 / tesseract 5.5.2,-l eng --mode skip --rotate-pages --deskew --optimize 1,true,
department-of-war,release-01,processing/department-of-war/release-01/originals/fbi-photo-b20.pdf,97112a6fe175f0458412961285976b9384b31eceb540fe00abbe1bd28e51ceaa,122810,1,processing/department-of-war/release-01/searchable-pdf/fbi-photo-b20.pdf,5c30b24dfa9128b1008917d886eb580c6de3e2675d19caa39478240c8a8d2717,processing/department-of-war/release-01/text/fbi-photo-b20.txt,department-of-war/release-01/fbi-photo-b20.md,0,0.3,4,4.0,0,ocrmypdf 17.5.0 / tesseract 5.5.2,-l eng --mode skip --rotate-pages --deskew --optimize 1,true,
department-of-war,release-01,processing/department-of-war/release-01/originals/fbi-photo-b21.pdf,52b81ee21a3bfc5ecce1777d6e91d85aabe8bb905dab1963a793dd4787005214,592551,1,processing/department-of-war/release-01/searchable-pdf/fbi-photo-b21.pdf,87cb684ef7e5cc1f557e8049627a561164b2c68a802cb39b899f7a0de7f61570,processing/department-of-war/release-01/text/fbi-photo-b21.txt,department-of-war/release-01/fbi-photo-b21.md,0,0.9,1,1.0,1,ocrmypdf 17.5.0 / tesseract 5.5.2,-l eng --mode skip --rotate-pages --deskew --optimize 1,true,
department-of-war,release-01,processing/department-of-war/release-01/originals/fbi-photo-b22.pdf,8dd6f06197acb06f90d60387ecb21367c23b4f67c1011641a5be6e43f842a922,66951,1,processing/department-of-war/release-01/searchable-pdf/fbi-photo-b22.pdf,9bb7aacd6e1e9d930b85b4195c8ed8fbdbb46cb6f1c4f559a05688ebaceb7638,processing/department-of-war/release-01/text/fbi-photo-b22.txt,department-of-war/release-01/fbi-photo-b22.md,0,0.3,14,14.0,0,ocrmypdf 17.5.0 / tesseract 5.5.2,-l eng --mode skip --rotate-pages --deskew --optimize 1,true,
department-of-war,release-01,processing/department-of-war/release-01/originals/fbi-photo-b23.pdf,921e5ea0a0b4264d6aabfecee036fc924bf11dd9c6212873122c0fa457de194a,63037,1,processing/department-of-war/release-01/searchable-pdf/fbi-photo-b23.pdf,4c482515b77a5e7ec4a7c1060100cfb7c8f97ca27e15332881adef1cf556539b,processing/department-of-war/release-01/text/fbi-photo-b23.txt,department-of-war/release-01/fbi-photo-b23.md,0,0.3,3,3.0,0,ocrmypdf 17.5.0 / tesseract 5.5.2,-l eng --mode skip --rotate-pages --deskew --optimize 1,true,
department-of-war,release-01,processing/department-of-war/release-01/originals/fbi-photo-b24.pdf,8af86cd09af935b39d650d4db78adac5802600abc427f1683cc58cc44cf4bb42,67392,1,processing/department-of-war/release-01/searchable-pdf/fbi-photo-b24.pdf,0fe5f886403bc3537bec4d67314aa83add2c70df670b7038bc7e58cd5a0aa002,processing/department-of-war/release-01/text/fbi-photo-b24.txt,department-of-war/release-01/fbi-photo-b24.md,0,0.3,7,7.0,0,ocrmypdf 17.5.0 / tesseract 5.5.2,-l eng --mode skip --rotate-pages --deskew --optimize 1,true,
department-of-war,release-01,processing/department-of-war/release-01/originals/fbi-photo-b3.pdf,8a58dbdbe84dc4f29f131c9c471354ac9a4cac9276bc2503eb09a6b9eb215f09,169593,1,processing/department-of-war/release-01/searchable-pdf/fbi-photo-b3.pdf,d1f3137ab370c385c55a66c2ef91b6f909c42f88a060c2386e65073b5edfc85b,processing/department-of-war/release-01/text/fbi-photo-b3.txt,department-of-war/release-01/fbi-photo-b3.md,0,0.4,4,4.0,0,ocrmypdf 17.5.0 / tesseract 5.5.2,-l eng --mode skip --rotate-pages --deskew --optimize 1,true,
department-of-war,release-01,processing/department-of-war/release-01/originals/fbi-photo-b4.pdf,b9b413c19731ce7d48c503c45cc8d00fd1be08154e0321cbf18b9a3613e31c7d,132213,1,processing/department-of-war/release-01/searchable-pdf/fbi-photo-b4.pdf,dbd0f63d84a810febb6c643e49169f0902850c1c0a8999492113b494c1f24a01,processing/department-of-war/release-01/text/fbi-photo-b4.txt,department-of-war/release-01/fbi-photo-b4.md,0,0.4,65,65.0,0,ocrmypdf 17.5.0 / tesseract 5.5.2,-l eng --mode skip --rotate-pages --deskew --optimize 1,true,
department-of-war,release-01,processing/department-of-war/release-01/originals/fbi-photo-b5.pdf,9048f6d63441caa23ca385c07340399b34a3c70cd9d21da4f79fd73da57aafac,119604,1,processing/department-of-war/release-01/searchable-pdf/fbi-photo-b5.pdf,6e83e5f1ad3a377bd2138b4b824e9d7c0910cdc444eec55da1b5b550cf43c002,processing/department-of-war/release-01/text/fbi-photo-b5.txt,department-of-war/release-01/fbi-photo-b5.md,0,1.2,1,1.0,1,ocrmypdf 17.5.0 / tesseract 5.5.2,-l eng --mode skip --rotate-pages --deskew --optimize 1,true,
department-of-war,release-01,processing/department-of-war/release-01/originals/fbi-photo-b6.pdf,c70c7334e7b8f38701fc9951e356cc702c194caaeae12f6e5a41c1bf0c2463e9,124905,1,processing/department-of-war/release-01/searchable-pdf/fbi-photo-b6.pdf,74dcafceb5ba49646cb386aefa9570b4a3df52eb54f08a122fefb0d0beb0203f,processing/department-of-war/release-01/text/fbi-photo-b6.txt,department-of-war/release-01/fbi-photo-b6.md,0,5.9,1,1.0,1,ocrmypdf 17.5.0 / tesseract 5.5.2,-l eng --mode skip --rotate-pages --deskew --optimize 1,true,
department-of-war,release-01,processing/department-of-war/release-01/originals/fbi-photo-b7.pdf,829f0a7381883c14261023832fedb51259a06d50eae7ba13ca21b9b9c5b45713,135280,1,processing/department-of-war/release-01/searchable-pdf/fbi-photo-b7.pdf,730fcdff0036fbe74ebf8155c63c06c5e23f3c5fa77a3dff941ff37d411fb252,processing/department-of-war/release-01/text/fbi-photo-b7.txt,department-of-war/release-01/fbi-photo-b7.md,0,0.3,62,62.0,0,ocrmypdf 17.5.0 / tesseract 5.5.2,-l eng --mode skip --rotate-pages --deskew --optimize 1,true,
department-of-war,release-01,processing/department-of-war/release-01/originals/fbi-photo-b8.pdf,bb60e830904c747b7a2a7f43b655d2c02534894529b74f36447d1a4b8f537701,124509,1,processing/department-of-war/release-01/searchable-pdf/fbi-photo-b8.pdf,176e34d18bb4d1cd15507b61b99b4d03e696af79c77955cca9527faa029227ba,processing/department-of-war/release-01/text/fbi-photo-b8.txt,department-of-war/release-01/fbi-photo-b8.md,0,0.3,4,4.0,0,ocrmypdf 17.5.0 / tesseract 5.5.2,-l eng --mode skip --rotate-pages --deskew --optimize 1,true,
department-of-war,release-01,processing/department-of-war/release-01/originals/fbi-photo-b9.pdf,86017c6972e7e6e110d86be0667a324d28b8d6c3e37d9fdb8acedddf3fd9dd02,125010,1,processing/department-of-war/release-01/searchable-pdf/fbi-photo-b9.pdf,a5fdc9b460f583e9a23e8b984856d28d5c4534efe8d86c8a5d356e3eeba6f7a4,processing/department-of-war/release-01/text/fbi-photo-b9.txt,department-of-war/release-01/fbi-photo-b9.md,0,0.3,3,3.0,0,ocrmypdf 17.5.0 / tesseract 5.5.2,-l eng --mode skip --rotate-pages --deskew --optimize 1,true,
department-of-war,release-01,processing/department-of-war/release-01/originals/nasa-uap-d1-apollo-12-transcript-1969.pdf,74dc1a19ef09d093ceba4a0ab082bf3729cb19218c0c3481d8b71f814740c9b3,1052877,4,processing/department-of-war/release-01/searchable-pdf/nasa-uap-d1-apollo-12-transcript-1969.pdf,0c7bcc8b927c7970a9e5abe1826dcb0a109c027302ab5d3a588c58937db4c2c7,processing/department-of-war/release-01/text/nasa-uap-d1-apollo-12-transcript-1969.txt,department-of-war/release-01/nasa-uap-d1-apollo-12-transcript-1969.md,0,0.5,9438,2359.5,0,ocrmypdf 17.5.0 / tesseract 5.5.2,-l eng --mode skip --rotate-pages --deskew --optimize 1,false,
department-of-war,release-01,processing/department-of-war/release-01/originals/nasa-uap-d2-apollo-17-transcript-1972.pdf,18ee158476f1203b0ce45bc1eb9b209c225e30b4181ec0fb98b338b2cc0b7591,643401,16,processing/department-of-war/release-01/searchable-pdf/nasa-uap-d2-apollo-17-transcript-1972.pdf,6630478c2b58eac7f1293c1293115ac6b73a5ffa895234b6a2fe1b3d4cdf248b,processing/department-of-war/release-01/text/nasa-uap-d2-apollo-17-transcript-1972.txt,department-of-war/release-01/nasa-uap-d2-apollo-17-transcript-1972.md,0,0.8,30478,1904.9,0,ocrmypdf 17.5.0 / tesseract 5.5.2,-l eng --mode skip --rotate-pages --deskew --optimize 1,false,
department-of-war,release-01,processing/department-of-war/release-01/originals/nasa-uap-d4-apollo-11-technical-crew-debriefing-1969.pdf,aacc41814dd16583bbeabe068026bf286cd9b0e464ff097c5c7b97b00d308443,29286242,11,processing/department-of-war/release-01/searchable-pdf/nasa-uap-d4-apollo-11-technical-crew-debriefing-1969.pdf,68cadb751034305c2455f3fd4df0ff4253faf0b89acdaa4bd741ff54529ec42b,processing/department-of-war/release-01/text/nasa-uap-d4-apollo-11-technical-crew-debriefing-1969.txt,department-of-war/release-01/nasa-uap-d4-apollo-11-technical-crew-debriefing-1969.md,0,57.7,20155,1832.3,0,ocrmypdf 17.5.0 / tesseract 5.5.2,-l eng --mode skip --rotate-pages --deskew --optimize 1,false,
department-of-war,release-01,processing/department-of-war/release-01/originals/nasa-uap-d5-apollo-17-crew-debriefing-for-science-1973.pdf,23c76f92be6a04417373771a12229c0a6857b9769086989c1b5e459afb5c3e52,122499,3,processing/department-of-war/release-01/searchable-pdf/nasa-uap-d5-apollo-17-crew-debriefing-for-science-1973.pdf,b5fd39f79c78e51a7b3845acd9f179f6124206b4ae319175c21e6cda47bdd774,processing/department-of-war/release-01/text/nasa-uap-d5-apollo-17-crew-debriefing-for-science-1973.txt,department-of-war/release-01/nasa-uap-d5-apollo-17-crew-debriefing-for-science-1973.md,0,0.4,3752,1250.7,0,ocrmypdf 17.5.0 / tesseract 5.5.2,-l eng --mode skip --rotate-pages --deskew --optimize 1,false,
department-of-war,release-01,processing/department-of-war/release-01/originals/nasa-uap-d6-apollo-17-technical-crew-debriefing-1973.pdf,2c874c40c55505f2348177ddde77c9fd015bf971e6e059c43508a92bc9ee6b30,513402,2,processing/department-of-war/release-01/searchable-pdf/nasa-uap-d6-apollo-17-technical-crew-debriefing-1973.pdf,5ea9db5a2ba4fbad6276dc9615b676d30a6f92830573267abffb0fbdc51f1a83,processing/department-of-war/release-01/text/nasa-uap-d6-apollo-17-technical-crew-debriefing-1973.txt,department-of-war/release-01/nasa-uap-d6-apollo-17-technical-crew-debriefing-1973.md,0,2.1,3299,1649.5,0,ocrmypdf 17.5.0 / tesseract 5.5.2,-l eng --mode skip --rotate-pages --deskew --optimize 1,false,
department-of-war,release-01,processing/department-of-war/release-01/originals/nasa-uap-d7-skylab-technical-crew-debriefing-1973.pdf,61f7e6594e7ab6959503214c73a2a591dc231a14ba92df8e36d0bb0a0fbd6691,301657,11,processing/department-of-war/release-01/searchable-pdf/nasa-uap-d7-skylab-technical-crew-debriefing-1973.pdf,a3ce21c2988e057a0fba8aa61d945044188598892870e3947a367d005635b02f,processing/department-of-war/release-01/text/nasa-uap-d7-skylab-technical-crew-debriefing-1973.txt,department-of-war/release-01/nasa-uap-d7-skylab-technical-crew-debriefing-1973.md,0,0.7,14715,1337.7,0,ocrmypdf 17.5.0 / tesseract 5.5.2,-l eng --mode skip --rotate-pages --deskew --optimize 1,false,
department-of-war,release-01,processing/department-of-war/release-01/originals/serial-3-redacted.pdf,abe02815d6331854374cee46db6b1f948f83d9115d2121ac86f5836fef1b65a0,468817,2,processing/department-of-war/release-01/searchable-pdf/serial-3-redacted.pdf,8d5860b87099337899ff6182a8cdfd367744614906555a4a134832302b5cdcfc,processing/department-of-war/release-01/text/serial-3-redacted.txt,department-of-war/release-01/serial-3-redacted.md,0,0.5,7078,3539.0,0,ocrmypdf 17.5.0 / tesseract 5.5.2,-l eng --mode skip --rotate-pages --deskew --optimize 1,false,
department-of-war,release-01,processing/department-of-war/release-01/originals/serial-4-redacted-redacted.pdf,29ed0fb7cbe0be3c23965212bb83c58d3890a0de9253938ee4e9c9bb2349d5fe,237155,2,processing/department-of-war/release-01/searchable-pdf/serial-4-redacted-redacted.pdf,449647f51b39ba54a5123f8c5a7375ac98dbdd101013b9b4ed3791b917e43752,processing/department-of-war/release-01/text/serial-4-redacted-redacted.txt,department-of-war/release-01/serial-4-redacted-redacted.md,0,2.1,5471,2735.5,0,ocrmypdf 17.5.0 / tesseract 5.5.2,-l eng --mode skip --rotate-pages --deskew --optimize 1,false,
department-of-war,release-01,processing/department-of-war/release-01/originals/serial-5-redacted-redacted.pdf,c38d267441b19350df557d9f3bfbd689fb5ba0619366373a7b9e6f8dce84bb8c,227126,2,processing/department-of-war/release-01/searchable-pdf/serial-5-redacted-redacted.pdf,34b4af626334f59aa0a8675fea24563070b534916f25d567c68f8143d954fe20,processing/department-of-war/release-01/text/serial-5-redacted-redacted.txt,department-of-war/release-01/serial-5-redacted-redacted.md,0,2.1,3937,1968.5,0,ocrmypdf 17.5.0 / tesseract 5.5.2,-l eng --mode skip --rotate-pages --deskew --optimize 1,false,
department-of-war,release-01,processing/department-of-war/release-01/originals/usper-statement-redacted.pdf,60c1239f7a6bad9655cb66e7b3a82c7e582762f8b4248bc1b614cca9a82d6e37,786861,3,processing/department-of-war/release-01/searchable-pdf/usper-statement-redacted.pdf,a19c20546651c7cca11ab98cdc67247058549d1f99a2fed68b162e52f8f62055,processing/department-of-war/release-01/text/usper-statement-redacted.txt,department-of-war/release-01/usper-statement-redacted.md,0,0.4,7894,2631.3,0,ocrmypdf 17.5.0 / tesseract 5.5.2,-l eng --mode skip --rotate-pages --deskew --optimize 1,false,
department-of-war,release-01,processing/department-of-war/release-01/originals/western-us-event-slides-5-08-2026.pdf,8565c159b82f50a6e9038987f0b71541aa38f07737a91b08af1a5cf224b6a2f3,63768,4,processing/department-of-war/release-01/searchable-pdf/western-us-event-slides-5-08-2026.pdf,416c598528cfdab0d11176ebd10981aa8e1cccbab6895eaf9114d2d22a7e4f97,processing/department-of-war/release-01/text/western-us-event-slides-5-08-2026.txt,department-of-war/release-01/western-us-event-slides-5-08-2026.md,0,0.3,6840,1710.0,0,ocrmypdf 17.5.0 / tesseract 5.5.2,-l eng --mode skip --rotate-pages --deskew --optimize 1,false,
